{
  "name" : Termidium Forge,
  "description": produce termidium by fusing titanium and graphite.
  "size": 2,
  "type": "GenericCrafter",
  "drawer": {
    "type": "DrawMulti",
    "drawers": [
      {
        "type": "DrawDefault"
      },
      {
        "type": "DrawCrucibleFlame",
        "flameColor": "7A8CDC"
      }
    ]
  },
  "hasPower": true,
  "hasItems": true,
  "itemCapacity": 10,
  "craftTime": 120,
  "craftEffect": {
    "type": "ParticleEffect",
    "line": true,
    "particles": 0,
    "lifetime": 50,
    "length": 25,
    "cone": -360,
    "lenFrom": 5,
    "lenTo": 0,
    "colorFrom": "7A8CDC",
    "colorTo": "FFFFFFF"
  },
  "updateEffect": "none",
  "consumes": {
    "power": 0.3,
    "items": {
      "items": [
        "titanium/3"
        "graphite/3"
      ]
    }
  },
  "requirements": [
    "titanium/65",
    "graphite/30"
  ],
  "category": "crafting",
  "research": 08a-Tiradnium
  "researchCost": [
    "titanium/50"
    "graphite/50"
] 
  "outputItem": "termidium-metal/5"
    shownPlanets: [Stella]
}