{
  "name" : Holosteel Forge,
  "size": 3,
  "type": "GenericCrafter",
  "drawer": {
    "type": "DrawMulti",
    "drawers": [
      {
        "type": "DrawRegion"
        suffix: -bottom
      },
      {
        "type": "DrawRegion"
        suffix: -top
      },
      {
        "type": "DrawDefault"
      },
      {
        "type": "DrawCrucibleFlame",
        "flameColor": "7A8CDC"
      },
      {
      "type": "DrawGlowRegion"
        suffix: -glow
      }
    ]
  },
  "hasPower": true,
  "hasItems": true,
  "itemCapacity": 10,
  "craftTime": 120,
  "craftEffect": {
    "type": "ParticleEffect",
    "line": true,
    "particles": 10,
    "lifetime": 50,
    "length": 25,
    "cone": -360,
    "lenFrom": 5,
    "lenTo": 0,
    "colorFrom": "7A8CDC",
    "colorTo": "FFFFFFF"
  },
  "updateEffect": "none",
  "consumes": {
    "power": 1
    "items": {
      "items": [
        "titanium/5"
        "graphite/5"
        "termidium-metal/3"
      ]
    }
  },
  "requirements": [
    "titanium/65",
    "graphite/30"
  ],
  "category": "crafting",
  research: {
    parent: "01c-florixite-basin"
    objectives: [
        {
            type: "SectorComplete"
            preset: "sidial"
        }
     ]
  }
  "outputItem": "holosteel/5"
    shownPlanets: [Stella]
}