{
  name: Harmonious 
  description : A T2 support unit with a electric field and electric guns
    research: {
  parent: 01d-peace-refabricator 
  shownPlanets: [Stella]
  researchCost: [
  titanium/100
  termidium-metal/100
  graphite/100
  ]
  objectives: [
    {
      type: OnSector
      preset: sidial
    }
  ]
}
researchCost: [
    titanium/50
    graphite/30
  ]
  "type": "flying",
  "lowAltitude": true,
  "speed": 3.5,
  "accel": 0.1,
  "drag": 0.02,
  "flying": true,
  "health": 350,
  "hitSize": 12,
  "armor": 1,
  "itemCapacity": 0,
  "outlineColor": "575666",
  "engineOffset": 9,
  "engineColor": "69C47B",
  "faceTarget": true,
  "abilities": [
   {
      "type": "EnergyFieldAbility",
      "healEffect": {
        "type": "ParticleEffect",
        "line": true,
        "particles": 7,
        "lifetime": 20,
        "offset": 50,
        "length": 55,
        "cone": -360,
        "lenFrom": 6,
        "lenTo": 0,
        "colorFrom": "69C47B",
        "colorTo": "66B1FFFF"
      },
      "statusDuration": 300,
      "status": "shocked",
      "color": "69C47B",
      "maxTargets": 5,
      "damage": 10,
      "healPercent": 0.3,
      "range": 50,
      "y": 0,
      "sectors": 3,
      "rotateSpeed": 2,
      "hitBuildings": true,
      "sectorRad": 1,
      "effectRadius": 2,
      "reload": 19
    }
  ]
   "weapons": [
    {
      "name": "03b-harmonius-weapon",
      "shootCone": 15,
      "mirror": true,
      "alternate": true,
      "top": false,
      "layerOffset": 0.001,
      "rotate": true,
      "rotateSpeed": 5,
      "x": -4,
      "y": -2,
      "shootY": 2,
      "reload": 20,
      "recoil": 0.5
      "shootSound": "bolt",
      "inaccuracy": 5
      "shoot": {
      "type": "shootPattern",
      "shots": 2,
      "shotDelay": 0,
}
        "bullet": {
        "type": "ElectricBulletType",
        "despawnEffect": {
          "type": "ParticleEffect",
          "line": true,
          "particles": 4,
          "lifetime": 20,
          "offset": 10,
          "length": 35,
          "cone": -360,
          "lenFrom": 5,
          "lenTo": 0,
          "colorFrom": "8AA3F4",
          "colorTo": "FFFFFF"
        },
        "hitEffect": {
          "type": "ParticleEffect",
          "line": true,
          "particles": 10,
          "lifetime": 20,
          "offset": 10,
          "length": 35,
          "cone": -360,
          "lenFrom": 5,
          "lenTo": 0,
          "colorFrom": "69C47B",
          "colorTo": "FFFFFF"
        },
        "damage": 10,
        "status": "shocked"
        "height": 5,
        "width": 5,
        "speed": 4,
        "frontColor": "69C47B",
        "backColor": "FFFFFF",
        "lifetime": 50
      }
    }
  ]
}