{
  name: Serenity 
  description : A T3 support unit 
    research: {
  parent: 01d-peace-refabricator 
  shownPlanets: [Stella]
  researchCost: [
  titanium/100
  termidium-metal/100
  graphite/100
  ]
  objectives: [
    {
      type: OnSector
      preset: sidial
    }
  ]
}
researchCost: [
    titanium/50
    graphite/30
  ]
  "type": "flying",
  "lowAltitude": true,
  "speed": 2.5,
  "accel": 0.1,
  "drag": 0.02,
  "flying": true,
  "health": 1140,
  "hitSize": 12,
  "armor": 1,
  "itemCapacity": 0,
  "outlineColor": "575666",
  "engineOffset": 1,
  "engineSize": 2
  "engineColor": "69C47B",
  "buildSpeed": 0.5
  "faceTarget": true,
  "engines": [
  {
    x: -9
    y: -10
    radius: 2.5
    rotation: -130
  }
  {
    x: 9
    y: -10
    radius: 2.5
    rotation: -40
  }
]
  "abilities": [
   {
      "type": "EnergyFieldAbility",
      "healEffect": {
        "type": "ParticleEffect",
        "line": true,
        "particles": 7,
        "lifetime": 20,
        "offset": 50,
        "length": 55,
        "cone": -360,
        "lenFrom": 6,
        "lenTo": 0,
        "colorFrom": "69C47B",
        "colorTo": "66B1FFFF"
      },
      "statusDuration": 300,
      "status": "shocked",
      "color": "69C47B",
      "maxTargets": 5,
      "damage": 10,
      "healPercent": 0.5,
      "range": 65,
      "y": 0,
      "sectors": 4,
      "rotateSpeed": 1.5,
      "hitBuildings": true,
      "sectorRad": 1,
      "effectRadius": 2,
      "reload": 19
    }
  ]
   "weapons": [
    {
      "name": "03b-harmonius-weapon",
      "shootCone": 15,
      "mirror": true,
      "alternate": true,
      "top": false,
      "layerOffset": 0.001,
      "rotate": true,
      "rotateSpeed": 5,
      "x": -4,
      "y": -2,
      "shootY": 2,
      "reload": 20,
      "recoil": 0.5
      "shootSound": "bolt",
      "inaccuracy": 5
      "shoot": {
      "type": "shootPattern",
      "shots": 2,
      "shotDelay": 0,
}
        "bullet": {
        "type": "ElectricBulletType",
        "despawnEffect": {
          "type": "ParticleEffect",
          "line": true,
          "particles": 4,
          "lifetime": 20,
          "offset": 10,
          "length": 35,
          "cone": -360,
          "lenFrom": 5,
          "lenTo": 0,
          "colorFrom": "8AA3F4",
          "colorTo": "FFFFFF"
        },
        "hitEffect": {
          "type": "ParticleEffect",
          "line": true,
          "particles": 10,
          "lifetime": 20,
          "offset": 10,
          "length": 35,
          "cone": -360,
          "lenFrom": 5,
          "lenTo": 0,
          "colorFrom": "69C47B",
          "colorTo": "FFFFFF"
        },
        "damage": 10,
        "status": "shocked"
        "height": 5,
        "width": 5,
        "speed": 4,
        "frontColor": "69C47B",
        "backColor": "FFFFFF",
        "lifetime": 50
      }
    }
  ]
}