{
  "type": "ItemTurret",
  "name": Shockblade,
  "description": Shoots bullets at a high pace
  "researchCostMultiplier": 0.2,
  "size": 3,
  "health": 700,
  "reload": 300,
  "range": 400,
  "inaccuracy": 5
  "targetAir": false,
  "recoil": 3,
  "rotateSpeed": 2.5,
  "shootSound": "artillery",
  "shootWarmupSpeed": 0.01,
  minWarmup: 0.4
moveWhileCharging: false
    shoot: {
  type: shootPattern
  shots: 3
  shotDelay: 5
}
   consumes: {
    power: 4
}
  drawer: {
  type: DrawTurret
  basePrefix: shockblade-
    parts: [
    {
      type: RegionPart
      suffix: -barrel
      progress: recoil
      heatProgress: recoil
      moveY: -3
      under: true
      heatColor: 8DF9D1
    }
    {
      type: RegionPart
      suffix: -arm-r
      mirror: false
      progress: recoil
      heatProgress: warmup
      moveY: -1
      moveRot: 5
      under: true
      heatColor: 8DF9D1
    }
    {
      type: RegionPart
      suffix: -arm-l
      mirror: false
      progress: warmup
      heatProgress: warmup
      moveY: -1
      moveRot: -5
      under: true
      heatColor: 8DF9D1
    }
  ]
}
  "ammoTypes": {
    "terala": {
      type: BasicBulletType
    width: 16
    height: 16
    buildingDamageMultiplier: 0.5
    hitColor: A3BBEB
    backColor: A3BBEB
    frontColor: A3BBEB
    lightColor: A3BBEB
    damage: 50
    speed: 10
    lifetime: 40
    shoot: {
      "type": "shootHelix",
         mag: 1
      offset: 0
         scl: 3
     "shots": 3,
     "shotDelay": 10,
},
    despawnEffect: [
    colorSpark,
    {
        type: WaveEffect
        rotWithParent: true
        followParent: true
        lifetime: 12
        sizeFrom: 0
        sizeTo: 12
        colorFrom: A3BBEB
        colorTo: A3BBEB
    }
    ]
    pierceCap: 3
    pierce: true
    pierceBuilding: true  
    trailColor: A3BBEB
    trailInterval: 3
    trailRotation: true
    trailLength: 18
    trailWidth: 2.2
    trailEffect: colorSpark
    shootEffect: shootSmokeTitan
    shrinkX: 0
    shrinkY: 0
    },
    "termidium-metal": {
      type: BasicBulletType
    width: 16
    height: 16
    buildingDamageMultiplier: 0.5
    hitColor: A3BBEB
    backColor: A3BBEB
    frontColor: A3BBEB
    lightColor: A3BBEB
    damage: 40
    speed: 6.4
    lifetime: 32.5
    despawnEffect: [
    colorSpark,
    {
        type: WaveEffect
        rotWithParent: true
        followParent: true
        lifetime: 12
        sizeFrom: 0
        sizeTo: 12
        colorFrom: A3BBEB
        colorTo: A3BBEB
    }
    ]
    pierceCap: 3
    pierce: true
    pierceBuilding: true  
    trailColor: A3BBEB
    trailInterval: 3
    trailRotation: true
    trailLength: 18
    trailWidth: 2.2
    trailEffect: colorSpark
    shootEffect: shootSmokeTitan
    shrinkX: 0
    shrinkY: 0
    }
  }
  "requirements": [
    "graphite/190",
    "titanium/200",
    "terala/130",
    "termidium-metal/100"
  ],
  "coolant": {
    "type": "ConsumeLiquid",
    "liquid": "water",
    "amount": 0.4
  },
  "category": "turret",
  research: {
  parent: 09b-blix
  objectives: [
    {
      type: OnSector
      preset: sidial
    }
  ]
}
}