{
  name: War
  description : A fast flying unit with a singular gun
    research: {
  parent: 01b-war-fabricator 
  shownPlanets: [Stella]
  researchCost: [
  titanium/100
  termidium-metal/100
  graphite/100
  ]
  objectives: [
    {
      type: OnSector
      preset: outscape
    }
  ]
}
researchCost: [
    titanium/50
    graphite/30
  ]
  "type": "flying",
  "lowAltitude": true,
  "speed": 3.5,
  "accel": 0.1,
  "drag": 0.02,
  "flying": true,
  "health": 300,
  "hitSize": 12,
  "armor": 1,
  "itemCapacity": 0,
  "outlineColor": "575666",
  "engineOffset": 6,
  "engineColor": "7A8CDC",
  "faceTarget": true,
  "weapons": [
    {
      "name": "war-weapon",
      "shootCone": 15,
      "mirror": false,
      "alternate": false,
      "layerOffset": 0.001
      "recoil": 0.1
      "x": 0,
      "y": 0,
      "shootY": 3,
      "reload": 15,
      "shootSound": "blaster",
      "bullet": {
        "type": "basicBulletType",
        "despawnEffect": {
          "type": "ParticleEffect",
          "line": true,
          "particles": 5,
          "lifetime": 20,
          "offset": 10,
          "length": 35,
          "cone": -360,
          "lenFrom": 5,
          "lenTo": 0,
          "colorFrom": "7A8CDC",
          "colorTo": "FFFFFF",
          "recoil": 0.5
        },
        "hitEffect": {
          "type": "ParticleEffect",
          "line": true,
          "particles": 5,
          "lifetime": 20,
          "offset": 10,
          "length": 35,
          "cone": -360,
          "lenFrom": 5,
          "lenTo": 0,
          "colorFrom": "7A8CDC",
          "colorTo": "FFFFFF"
        },
        "damage": 10,
        "height": 5,
        "width": 5,
        "speed": 4,
        "frontColor": "7A8CDC",
        "backColor": "FFFFFF",
        "lifetime": 50
      }
    }
  ]
}