{
  name: Conflict
  description : A tier 2 unit with two guns on each side.
  shownPlanets: [Stella]
    research: {
    parent: "01b-war-refabricator",
    objectives: [
        {
            type: "OnSector",
            preset: "sidial"
        }
    ]
}
  "type": "flying",
  "lowAltitude": true,
  "speed": 3.5,
  "accel": 0.1,
  "drag": 0.02,
  "flying": true,
  "health": 750,
  "hitSize": 13,
  "armor": 3,
  "itemCapacity": 0,
  "outlineColor": "595959",
  "engineOffset": 10,
  "engineColor": "7A8CDC",
  "engineSize": 3,
  "waveTrailY": -3.0
  "trailColor": 7A8CDC
  "trailLength": 5
  "faceTarget": true,
  deathExplosionEffect: [
    {
        type: ExplosionEffect
        waveRad: 16
        waveLife: 8
        waveColor: ffffff
        waveStroke: 2.5
        sparks: 6
        sparkLen: 4.5
        sparkStroke: 2.5
        sparkColor: ffe18f
        sparkRad: 20
        smokes: 10
    }
  ]
    "weapons": [
    {
      "name": "conflict-weapon",
      "shootCone": 15,
      "mirror": true,
      "alternate": true,
      "top": false,
      "layerOffset": 0,
      "rotate": false,
      "rotateSpeed": 3,
      "x": 6,
      "y": 1,
      "shootY": 2,
      "reload": 70,
      "recoil": 2
      "shootSound": "cannon",
      "inaccuracy": 3
      "rotationLimit": 15
      "shoot": {
      "type": "shootPattern",
      "shots": 2,
      "shotDelay": 5,
}
        "bullet": {
        "type": "BasicBulletType",
        "despawnEffect": {
          "type": "ParticleEffect",
          "line": true,
          "particles": 40,
          "lifetime": 20,
          "recoil": 3.25,
          "offset": 10,
          "length": 35,
          "cone": -360,
          "lenFrom": 5,
          "lenTo": 0,
          "colorFrom": "8AA3F4",
          "colorTo": "FFFFFF"
        },
        "hitEffect": {
          "type": "ParticleEffect",
          "line": true,
          "particles": 50,
          "lifetime": 20,
          "offset": 10,
          "length": 35,
          "cone": -360,
          "lenFrom": 5,
          "lenTo": 0,
          "colorFrom": "8AA3F4",
          "colorTo": "FFFFFF"
        },
        "damage": 30,
        "status": "blasted"
        "recoil": 0.2,
        "height": 10,
        "width": 10,
        "speed": 5,
        "frontColor": "8AA3F4",
        "backColor": "FFFFFF",
        "lifetime": 50
      }
    }
  ]
}