{
  name: Dispute
  description : A tier 3 flying unit with a shotgun in front
  shownPlanets: [Stella]
    "research": {
    "parent": "01f-war-reformer",
    "requirements": [
      "graphite/100",
      "titanium/100"
      "termidium-metal/50"
    ]
  },
  "type": "flying",
  "lowAltitude": true,
  "speed": 1.6,
  "accel": 0.5,
  "drag": 0.02,
  "flying": true,
  "health": 1050,
  "hitSize": 15.5,
  "armor": 6,
  "itemCapacity": 0,
  "outlineColor": "595959",
  "engineOffset": 15,
  "engineSize": 4,
  "engineColor": "8AA3F4",
  "engines": [
  {
    x: -9
    y: -10
    radius: 2.5
    rotation: -135
  }
  {
    x: 9
    y: -10
    radius: 2.5
    rotation: -45
  }
]
  "faceTarget": true,
      "weapons": [
    {
      "name": "dispute-cannon",
      "shootCone": 15,
      "mirror": false,
      "alternate": true,
      "top": false,
      "layerOffset": 0.001,
      "rotate": false,
      "rotateSpeed": 3,
      "x": 0,
      "y": 0,
      "shootY": 2,
      "reload": 70,
      "recoil": 0.5
      "shootSound": "shotgun",
      "inaccuracy": 5
      "shoot": {
      "type": "shootPattern",
      "shots": 5,
      "shotDelay": 0,
      },
       "parts": [
        {
          "type": "RegionPart",
          "suffix": "-heat",
          "layer": 1,
          "mirror": true,
          "blending": "additive",
          "color": "ff2302",
          "colorTo": "ff2302",
          "outline": false,
          "progress": "warmup"
        }
      ],
        "bullet": {
        "type": "BasicBulletType",
        "sprite": "large-orb",
        "despawnEffect": {
          "type": "ParticleEffect",
          "line": true,
          "particles": 40,
          "lifetime": 20,
          "offset": 10,
          "length": 35,
          "cone": -360,
          "lenFrom": 5,
          "lenTo": 0,
          "colorFrom": "8AA3F4",
          "colorTo": "FFFFFF"
        },
        "hitEffect": {
          "type": "ParticleEffect",
          "line": true,
          "particles": 50,
          "lifetime": 20,
          "offset": 10,
          "length": 35,
          "cone": -360,
          "lenFrom": 5,
          "lenTo": 0,
          "colorFrom": "8AA3F4",
          "colorTo": "FFFFFF"
        },
        "damage": 30,
        "status": "blasted"
        "height": 10,
        "width": 10,
        "speed": 5,
        "recoil": 0.2,
        "frontColor": "8AA3F4",
        "backColor": "FFFFFF",
        "lifetime": 50
      }
    }
        {
      "name": "dispute-mount",
      "shootCone": 15,
      "mirror": true,
      "alternate": true,
      "top": false,
      "layerOffset": 0.001,
      "rotate": true,
      "rotateSpeed": 5,
      "x": -4,
      "y": -2,
      "shootY": 2,
      "reload": 20,
      "recoil": 0.5
      "shootSound": "shoot",
      "inaccuracy": 5
      "shoot": {
      "type": "shootPattern",
      "shots": 2,
      "shotDelay": 0,
}
        "bullet": {
        "type": "BasicBulletType",
        "despawnEffect": {
          "type": "ParticleEffect",
          "line": true,
          "particles": 40,
          "lifetime": 20,
          "offset": 10,
          "length": 35,
          "cone": -360,
          "lenFrom": 5,
          "lenTo": 0,
          "colorFrom": "8AA3F4",
          "colorTo": "FFFFFF"
        },
        "hitEffect": {
          "type": "ParticleEffect",
          "line": true,
          "particles": 10,
          "lifetime": 20,
          "offset": 10,
          "length": 35,
          "cone": -360,
          "lenFrom": 5,
          "lenTo": 0,
          "colorFrom": "8AA3F4",
          "colorTo": "FFFFFF"
        },
        "damage": 10,
        "status": "blasted"
        "height": 5,
        "width": 5,
        "speed": 4,
        "frontColor": "8AA3F4",
        "backColor": "FFFFFF",
        "lifetime": 50
      }
    }
  ]
}