{
  name: Contention 
  description : A T4 with a singular weapon which is a helix blaster capable of dealing large damage 
  shownPlanets: [Stella]
    "research": {
    "parent": "dispute",
    "requirements": [
      "graphite/1000",
      "titanium/1000",
      "termidium-metal/900"
    ]
  },
  "type": "flying",
  "lowAltitude": true,
  "speed": 1,
  "accel": 0.5,
  "drag": 0.02,
  "flying": true,
  "health": 6450,
  "hitSize": 20,
  "armor": 6,
  "itemCapacity": 0,
  "outlineColor": "595959",
  "engineOffset": 13,
  "engineSize": 5,
  "engineColor": "8AA3F4",
  "rotateSpeed": 0.78,
  "engines": [
  {
    x: -15
    y: -10
    radius: 2.5
    rotation: -135
  }
  {
    x: 15
    y: -10
    radius: 2.5
    rotation: -45
  }
]
  "faceTarget": true,
      "weapons": [
  {
    name: "contention-front"
    x: 0
    y: 0
    reload: 300
    rotate: false
    mirror: false
    shoot: {
      type: ShootHelix
      mag: 1
      scl: 3
    }
    offsetLayer: -0.001,
    shootSound: railGunBlast 
    shake: 5
    "parts": [
      {
       type: RegionPart
       suffix: -mandible-l
       moveRot: 10
       progress: warmup
       heatProgress: recoil
       under: true
       heatColor: 8DF9D1
       heatLayer: -1
      }
      {
       type: RegionPart
       suffix: -mandible-r
       moveRot: -10
       progress: warmup 
       heatProgress: recoil
       under: true
       heatColor: 8DF9D1
       heatLayer: -1
      }
   ]
    bullet: {
    type: BasicBulletType
        damage: 200
        recoil: 0.5
        splashDamage: 80.75
        splashDamageRadius: 50
        speed: 10
        lifetime: 30
        pierce: true
        pierceCap: 5
        trailEffect: shootSmokeTitan
        trailColor: 7A8CDC
        trailChance: -1
        trailParam: 4
        trailInterval: 4
        trailRotation: true
        trailLength: 8
        trailWidth: 4
        }
     }
  ]
}