{
  name: Declare
  description : A warship with two mounted turrets and a railgun
  shownPlanets: [Stella]
    "research": {
    "parent": "01d-contention",
    "requirements": [
      "graphite/100",
      "titanium/100"
      "termidium-metal/50"
    ]
  },
  "type": "flying",
  "lowAltitude": true,
  "speed": 0.5,
  "accel": 0.5,
  "drag": 0.02,
  "flying": true,
  "health": 22034,
  "hitSize": 30,
  "armor": 10,
  "itemCapacity": 0,
  "outlineColor": "595959",
  "engineOffset": 17,
  "engineSize": 7,
  "engineColor": "8AA3F4",
  "rotateSpeed": 0.78,
   "abilities": [
    {
    type: ShieldArcAbility
    radius: 35
    angle: 90
    width: 6
    y: 2
    cooldown: 900
    regen: 0.85
    max: 1000
   }
 ]
  "engines": [
  {
    x: -14
    y: -13
    radius: 2
    rotation: -135
  }
  {
    x: 14
    y: -13
    radius: 2
    rotation: -45
  }
]
  "faceTarget": true,
      "weapons": [
    {
    name: "variance-railgun"
    x: 0
    y: 0
    reload: 180
    rotate: false
    mirror: false
    shootSound: railGunBlast 
    shake: 5
    bullet: {
    type: BasicBulletType
        damage: 625
        recoil: 1.5
        splashDamage: 80.75
        splashDamageRadius: 30
        speed: 10
        lifetime: 35
        pierce: true
        pierceCap: 5
        trailEffect: shootSmokeTitan
        trailColor: 7A8CDC
        trailChance: -1
        trailParam: 4
        trailInterval: 4
        trailRotation: true
        trailLength: 8
        trailWidth: 4
        }
  }
    {
      "name": "declare-mount",
      "rotate": true
      "rotateSpeed": 6.5
      "shootCone": 15,
      "mirror": true,
      "alternate": true,
      "top": false,
      "layerOffset": 0.001,
      "x": 13,
      "y": -5,
      "shootY": 1,
      "reload": 70,
      "recoil": 0
      "shootSound": "normal-shot",
      "shoot": {
      "type": "shootPattern",
         mag: 1
      offset: 0
         scl: 3
     "shots": 2,
     "shotDelay": 10,
}
        "bullet": {
        "type": "ExplosiveBulletType",
        "despawnEffect": {
          "type": "ParticleEffect",
          "line": true,
          "particles": 10,
          "lifetime": 20,
          "offset": 10,
          "length": 35,
          "cone": -360,
          "lenFrom": 5,
          "lenTo": 0,
          "colorFrom": "7A8CDC",
          "colorTo": "FFFFFF"
        },
        "hitEffect": {
          "type": "ParticleEffect",
          "line": true,
          "particles": 10,
          "lifetime": 20,
          "offset": 10,
          "length": 35,
          "cone": -360,
          "lenFrom": 5,
          "lenTo": 0,
          "colorFrom": "7A8CDC",
          "colorTo": "FFFFFF"
        },
        "damage": 100,
        "pierce": true,
        "height": 10,
        "width": 7,
        "speed": 5,
        "frontColor": "7A8CDC",
        "backColor": "FFFFFF",
        "lifetime": 50
      }
    }
  ]
}