{
  name: Dread
  description : The final tier, capable of dealing massive destruction. Better brace yourself when you see this
  shownPlanets: [Stella]
    "research": {
    "parent": "01e-declare",
    "requirements": [
      "graphite/2000",
      "titanium/2500"
      "termidium-metal/500"
    ]
  },
  "type": "flying",
  "lowAltitude": true,
  "speed": 0.5,
  "accel": 0.5,
  "drag": 0.02,
  "flying": true,
  "health": 40000,
  "hitSize": 30,
  "armor": 20,
  "itemCapacity": 0,
  "outlineColor": "595959",
  "engineOffset": 18,
  "engineSize": 5,
  "engineColor": "8AA3F4",
  "rotateSpeed": 0.78,
  "abilities": [
    {
    type: ShieldArcAbility
    radius: 50
    angle: 360
    width: 6
    y: 2
    cooldown: 900
    regen: 0.85
    max: 1200
   },
   {
      "type": "EnergyFieldAbility",
      "healEffect": {
        "type": "ParticleEffect",
        "line": true,
        "particles": 7,
        "lifetime": 20,
        "offset": 50,
        "length": 55,
        "cone": -360,
        "lenFrom": 6,
        "lenTo": 0,
        "colorFrom": "A9D8FFFF",
        "colorTo": "66B1FFFF"
      },
      "statusDuration": 300,
      "status": "freezing",
      "color": "A9D8FFFF",
      "maxTargets": 15,
      "damage": 10,
      "healPercent": 0.3,
      "range": 100,
      "y": -4,
      "sectors": 2,
      "rotateSpeed": 2,
      "hitBuildings": true,
      "sectorRad": 0.11,
      "effectRadius": 3.5,
      "reload": 19
    }
]
  "faceTarget": true,
      "weapons": [
    {
    name: "dread-weapon"
    x: 0
    y: 0
    reload: 200
    rotate: false
    mirror: false
    shootSound: malignShoot 
    shake: 1
    shoot: {
shots: 9
shotDelay: 12
firstShotDelay: 20
}
"shootStatus": "unmoving"
"shootStatusDuration": 110
"inaccuracy ": 5
    "parts": [
     {
       type: RegionPart
       suffix: -heat
       progress: recoil
       heatProgress: recoil
       under: true
       heatColor: 8DF9D1
      }
      {
       type: RegionPart
       suffix: -mandible-l
       moveRot: 8
       progress: recoil
       heatProgress: recoil
       under: true
       heatColor: 8DF9D1
       heatLayer: -1
      }
      {
       type: RegionPart
       suffix: -mandible-r
       moveRot: -8
       progress: recoil
       heatProgress: recoil
       under: true
       heatColor: 8DF9D1
       heatLayer: -1
      }
   ]
    bullet: {
    type: BasicBulletType
        damage: 890
        splashDamage: 500.74
        splashDamageRadius: 100
        speed: 20
        lifetime: 50
        pierce: true
        recoil: 0
        pierceCap: 10
        trailEffect: shootSmokeTitan
        trailColor: 7A8CDC
        trailChance: -1
        trailParam: 4
        trailInterval: 4
        trailRotation: true
        trailLength: 8
        trailWidth: 4
        despawnHit: true
    despawnEffect: [scatheExplosion, titanSmoke]
    hitEffect: [scatheExplosion, titanSmoke]
     "hitEffect": {
          "type": "SmokeEffect",
          "hitSound": titanExplosion,
          "line": true,
          "particles": 50,
          "lifetime": 20,
          "offset": 10,
          "length": 35,
          "cone": -360,
          "lenFrom": 5,
          "lenTo": 0,
          "colorFrom": "7A8CDC",
          "colorTo": "FFFFFF"
        },
       }
    }
  ]
}