{
  name: Catastrophe 
  description : The final tier, capable of dealing massive destruction. Better brace yourself when you see this
  shownPlanets: [Stella]
    "research": {
    "parent": "01e-dread",
    "requirements": [
      "graphite/2000",
      "titanium/2500"
      "termidium-metal/500"
    ]
  },
  "type": "flying",
  "lowAltitude": true,
  "speed": 0.5,
  "accel": 0.5,
  "drag": 0.02,
  "flying": true,
  "health": 45600,
  "hitSize": 60,
  "armor": 45,
  "itemCapacity": 0,
  "outlineColor": "595959",
  "engineOffset": 25,
  "engineSize": 5,
  "engineColor": "8AA3F4",
  "rotateSpeed": 0.78,
  abilities: [
{
type: RegenAbility
amount: 1.2
}
{
type: SpawnDeathAbility
unit: boom
spread: 0
}
]
  "engines": [
  {
    x: -14
    y: -13
    radius: 2
    rotation: -135
  }
  {
    x: 14
    y: -13
    radius: 2
    rotation: -45
  }
]
  "faceTarget": true,
      "weapons": [
    {
    name: "cat"
    x: 0
    y: -5
    reload: 50
    rotate: false
    mirror: false
    shootSound: malignShoot
    inaccuracy: 5
    minWarmup: 0.4
moveWhileCharging: false
    shoot: {
  type: shootAlternate
  spread: 1
  shots: 5
  shotDelay: 5
}
  
    parts: [
      {
        y: 0
        x: 0
        type: HaloPart
        color: FFFFFF
        layer: 110
        radius: 3
        shapes: 2
        sides: 3
        stroke: 0.75
        haloRadius: 2
        haloRadiusTo: 5
        haloRotateSpeed: 0.5
        followRotation: true
      },
      {
        y: 0
        x: 0
        type: HaloPart
        color: FFFFFF
        layer: 110
        radius: 3
        shapes: 2
        sides: 3
        stroke: 0.75
        haloRadius: 3
        haloRadiusTo: 10
        haloRotateSpeed: 0.8
        followRotation: true
      },
      {
      type: ShapePart
      y: 0
      x: 0
      radius: 6.5
      stroke: 0
      strokeTo: 1
      layer: 110
      circle: true
      hollow: true
      color: FFFFFF
     }
     {
      type: ShapePart
      y: 0
      x: 0
      radius: 3
      stroke: 0
      strokeTo: 1
      layer: 110
      circle: true
      hollow: false
      color: FFFFFF
     }
   ],
    bullet: {
    type: explosiveBulletType
        damage: 350
        splashDamage: 30
        splashDamageRadius: 20
        speed: 10
        lifetime: 25
        pierce: true
        pierceCap: 10
        trailEffect: shootSmokeTitan
        trailColor: 7A8CDC
        trailChance: -1
        trailParam: 4
        trailInterval: 4
        trailRotation: true
        trailLength: 8
        trailWidth: 4
        despawnHit: true
     "hitEffect": {
          "type": "SmokeEffect",
          "hitSound": titanSmoke,
          "line": true,
          "particles": 50,
          "lifetime": 20,
          "offset": 10,
          "length": 35,
          "cone": -360,
          "lenFrom": 5,
          "lenTo": 0,
          "colorFrom": "7A8CDC",
          "colorTo": "FFFFFF"
        },
      }
    }
      {
      "name": "dominance-gun",
      "rotate": true
      "rotateSpeed": 6.5
      "shootCone": 15,
      "mirror": true,
      "alternate": true,
      "top": false,
      "layerOffset": 0.001,
      "x": 13,
      "y": 0,
      "shootY": 1,
      "reload": 70,
      "recoil": 0
      "shootSound": "normal-shot",
      "shoot": {
      "type": "shootPattern",
         mag: 1
      offset: 0
         scl: 3
     "shots": 2,
     "shotDelay": 10,
    }
        "bullet": {
        "type": "ExplosiveBulletType",
        "despawnEffect": {
          "type": "ParticleEffect",
          "line": true,
          "particles": 10,
          "lifetime": 50,
          "offset": 10,
          "length": 35,
          "cone": -360,
          "lenFrom": 5,
          "lenTo": 0,
          "colorFrom": "7A8CDC",
          "colorTo": "FFFFFF",
           trailEffect: shootSmokeTitan
        trailColor: 7A8CDC
        trailChance: -1
        trailParam: 4
        trailInterval: 4
        trailRotation: true
        trailLength: 4
        trailWidth: 2
        },
        "hitEffect": {
          "type": "ParticleEffect",
          "line": true,
          "particles": 10,
          "lifetime": 50,
          "offset": 10,
          "length": 35,
          "cone": -360,
          "lenFrom": 5,
          "lenTo": 0,
          "colorFrom": "7A8CDC",
          "colorTo": "FFFFFF"
        },
        "damage": 45,
        "pierce": true,
        "sprite": a-new-hope-pointy-variance-bullet
        "height": 10,
        "width": 7,
        "speed": 5,
        "frontColor": "7A8CDC",
        "backColor": "FFFFFF",
        "lifetime": 70
        }
     }
  ]
}