{
  "type": "UnitFactory",
  "name": Neutral Fabricator
  "description": Fabricates mech units
  "size": 3,
  "configurable": false,
  "fogRadius": 3,
  "category": "units",
  "consumes": {
    "power": 2
  },
  "plans": [
    {
      "unit": "05a-neutral",
      "requirements": [
        "titanium/20",
        "termidium-metal/20"
      ],
      "time": 2440
    }
  ],
 research: {
    parent: "08a-Tiradnium",
    objectives: [
        {
            type: "OnSector",
            preset: "beginning"
        }
    ]
}
  "requirements": [
    "termidium-metal/100",
    "titanium/200",
  ]
  "researchCost": [
    "titanium/500",
    "graphite/300",
    "termidium-metal/200"
  ]
}