{
  "type": "UnitFactory",
  "name": Spider Fabricator
  "description": Fabricates spider units
  "size": 3,
  "configurable": false,
  "fogRadius": 3,
  "category": "units",
  "consumes": {
    "power": 2
  },
  "plans": [
    {
      "unit": "04a-faction",
      "requirements": [
        "titanium/15",
        "termidium-metal/15"
      ],
      "time": 2400
    }
  ],
 research: {
    parent: "10a-war-fabricator",
    objectives: [
        {
            type: "CompleteSector",
            preset: "crossing"
        }
    ]
}
  "requirements": [
    "termidium-metal/100",
    "titanium/100",
  ]
  "researchCost": [
    "titanium/500",
    "graphite/300",
    "termidium-metal/200"
  ]
}