{
  "type": "UnitFactory",
  "name": Peace Fabricator
  "description": Fabricates supports units
  "size": 3,
  "configurable": false,
  "fogRadius": 3,
  "category": "units",
  "consumes": {
    "power": 2
  },
  "plans": [
    {
      "unit": "03a-peace",
      "requirements": [
        "titanium/15",
        "termidium-metal/15"
      ],
      "time": 2400
    }
  ],
 research: {
    parent: "10e-spider-fabricator",
    objectives: [
        {
            type: "OnSector",
            preset: "sidial"
        }
    ]
}
  "requirements": [
    "termidium-metal/50",
    "titanium/100",
  ]
  "researchCost": [
    "titanium/500",
    "graphite/300",
    "termidium-metal/200"
  ]
}