{
  "name": "Peace Refabricator"
  "description": Refabricates support units to T2
  "type": "Reconstructor",
  "size": 3,
  "constructTime": 2400,
   consumes: {
    power: 5
    liquid: cryofluid/0.4
    items: [
        termidium-metal/45
        titanium/30
    ]
}
  "upgrades": [
    [
      "03a-peace",
      "03b-harmonius"
    ]
  ],
  "category": "units",
  research: {
    parent: "10e-spider-refabricator"
    objectives: [
        {
            type: "OnSector"
            preset: "sidial"
        }
     ]
  }
  "requirements": [
    "titanium/130",
    "termidium-metal/150"
    "terala/50"
   ]
}