{
  "type": "UnitFactory",
  "name": Naval Fabricator
  "description": Fabricates naval units
  "size": 3,
  "configurable": false,
  "fogRadius": 3,
  "category": "units",
  "consumes": {
    "power": 2
  },
  "plans": [
    {
      "unit": "06a-hook",
      "requirements": [
        "titanium/50",
        "termidium-metal/25"
      ],
      "time": 2250
    }
  ],
 research: {
    parent: "10g-peace-fabricator",
    objectives: [
        {
            type: "OnSector",
            preset: "outscape"
        }
    ]
}
  "requirements": [
    "termidium-metal/50",
    "titanium/100",
  ]
  "researchCost": [
    "titanium/540",
    "graphite/350",
    "termidium-metal/260"
  ]
}