{
  "name": "Naval Refabricator"
  "description": Refabricates naval units to T2
  "type": "Reconstructor",
  "size": 3,
  "constructTime": 2400,
   consumes: {
    power: 5
    liquid: cryofluid/0.4
    items: [
        termidium-metal/45
        titanium/30
    ]
}
  "upgrades": [
    [
      "06a-hook",
      "06b-harpoon"
    ]
  ],
  "category": "units",
  research: {
    parent: "10h-peace-refabricator"
    objectives: [
        {
            type: "CompleteSector"
            preset: "sidial"
        }
     ]
  }
  "requirements": [
    "titanium/130",
    "termidium-metal/150"
    "terala/50"
   ]
}