{
  "name": "Unit Reformer"
  "description": upgrades units to T3
  "type": "Reconstructor",
  "size": 5,
  "constructTime": 2400,
   consumes: {
    power: 5
    liquid: cryofluid/0.4
    items: [
        titanium/50
        graphite/90
        termidium-metal/70
    ]
}
  "upgrades": [
    [
      "01b-conflict",
      "01c-dispute"
    ],
    [
      "04b-clique",
      "04c-coterie"
    ],
    [ "05b-impartial",
      "05c-impure"
    ],
    [
      "06b-harpoon",
      "06c-torpedo"
    ],
    [
      "03b-harmonius",
      "03c-serenity"
    ],
  ],
  "category": "units",
  "research": "10d-war-refabricator"
  "requirements": [
    "graphite/3000",
    "titanium/500",
    "termidium-metal/450"
  ]
}